{
  "showcontainerloottable": {
    "desc:": "Set to true to show containers loottable on first open: default:false",
    "showcontainerloottable": false
  },
  "skipMapItems": {
    "desc:": "Skips map items during additional item generation, to avoid structure search lag (maps in the original chest still exist): default:true",
    "skipMapItems": true
  },
  "skipExistingItems": {
    "desc:": "Skips adding items already present in the loot, to avoid stacking additional items. Note that this increases the chance for modded loot aswell. default:false",
    "skipExistingItems": true
  },
  "moddedItemWeight": {
    "desc:": "Add additional weight to modded items (e.g. 10 = 10 times more likely), making them more likely to be chosen default:3, minimum:0",
    "moddedItemWeight": 6
  },
  "debugOutput": {
    "desc:": "Shows the added loot in the log if enabled: default:false",
    "debugOutput": false
  }
}